login,avatar_url,contributions,events_url,followers_url,following_url,gists_url,gravatar_id,html_url,id,node_id,organizations_url,received_events_url,repos_url,site_admin,starred_url,subscriptions_url,type,url,user_view_type
ErikBjare,https://avatars.githubusercontent.com/u/1405370?v=4,919,https://api.github.com/users/ErikBjare/events{/privacy},https://api.github.com/users/ErikBjare/followers,https://api.github.com/users/ErikBjare/following{/other_user},https://api.github.com/users/ErikBjare/gists{/gist_id},,https://github.com/ErikBjare,1405370,MDQ6VXNlcjE0MDUzNzA=,https://api.github.com/users/ErikBjare/orgs,https://api.github.com/users/ErikBjare/received_events,https://api.github.com/users/ErikBjare/repos,false,https://api.github.com/users/ErikBjare/starred{/owner}{/repo},https://api.github.com/users/ErikBjare/subscriptions,User,https://api.github.com/users/ErikBjare,public
johan-bjareholt,https://avatars.githubusercontent.com/u/1398500?v=4,27,https://api.github.com/users/johan-bjareholt/events{/privacy},https://api.github.com/users/johan-bjareholt/followers,https://api.github.com/users/johan-bjareholt/following{/other_user},https://api.github.com/users/johan-bjareholt/gists{/gist_id},,https://github.com/johan-bjareholt,1398500,MDQ6VXNlcjEzOTg1MDA=,https://api.github.com/users/johan-bjareholt/orgs,https://api.github.com/users/johan-bjareholt/received_events,https://api.github.com/users/johan-bjareholt/repos,false,https://api.github.com/users/johan-bjareholt/starred{/owner}{/repo},https://api.github.com/users/johan-bjareholt/subscriptions,User,https://api.github.com/users/johan-bjareholt,public
xylix,https://avatars.githubusercontent.com/u/13387304?v=4,20,https://api.github.com/users/xylix/events{/privacy},https://api.github.com/users/xylix/followers,https://api.github.com/users/xylix/following{/other_user},https://api.github.com/users/xylix/gists{/gist_id},,https://github.com/xylix,13387304,MDQ6VXNlcjEzMzg3MzA0,https://api.github.com/users/xylix/orgs,https://api.github.com/users/xylix/received_events,https://api.github.com/users/xylix/repos,false,https://api.github.com/users/xylix/starred{/owner}{/repo},https://api.github.com/users/xylix/subscriptions,User,https://api.github.com/users/xylix,public
dependabot[bot],https://avatars.githubusercontent.com/in/29110?v=4,18,https://api.github.com/users/dependabot%5Bbot%5D/events{/privacy},https://api.github.com/users/dependabot%5Bbot%5D/followers,https://api.github.com/users/dependabot%5Bbot%5D/following{/other_user},https://api.github.com/users/dependabot%5Bbot%5D/gists{/gist_id},,https://github.com/apps/dependabot,49699333,MDM6Qm90NDk2OTkzMzM=,https://api.github.com/users/dependabot%5Bbot%5D/orgs,https://api.github.com/users/dependabot%5Bbot%5D/received_events,https://api.github.com/users/dependabot%5Bbot%5D/repos,false,https://api.github.com/users/dependabot%5Bbot%5D/starred{/owner}{/repo},https://api.github.com/users/dependabot%5Bbot%5D/subscriptions,Bot,https://api.github.com/users/dependabot%5Bbot%5D,public
kewde,https://avatars.githubusercontent.com/u/13770485?v=4,9,https://api.github.com/users/kewde/events{/privacy},https://api.github.com/users/kewde/followers,https://api.github.com/users/kewde/following{/other_user},https://api.github.com/users/kewde/gists{/gist_id},,https://github.com/kewde,13770485,MDQ6VXNlcjEzNzcwNDg1,https://api.github.com/users/kewde/orgs,https://api.github.com/users/kewde/received_events,https://api.github.com/users/kewde/repos,false,https://api.github.com/users/kewde/starred{/owner}{/repo},https://api.github.com/users/kewde/subscriptions,User,https://api.github.com/users/kewde,public
nikanar,https://avatars.githubusercontent.com/u/11622029?v=4,6,https://api.github.com/users/nikanar/events{/privacy},https://api.github.com/users/nikanar/followers,https://api.github.com/users/nikanar/following{/other_user},https://api.github.com/users/nikanar/gists{/gist_id},,https://github.com/nikanar,11622029,MDQ6VXNlcjExNjIyMDI5,https://api.github.com/users/nikanar/orgs,https://api.github.com/users/nikanar/received_events,https://api.github.com/users/nikanar/repos,false,https://api.github.com/users/nikanar/starred{/owner}{/repo},https://api.github.com/users/nikanar/subscriptions,User,https://api.github.com/users/nikanar,public
exoji2e,https://avatars.githubusercontent.com/u/2479779?v=4,3,https://api.github.com/users/exoji2e/events{/privacy},https://api.github.com/users/exoji2e/followers,https://api.github.com/users/exoji2e/following{/other_user},https://api.github.com/users/exoji2e/gists{/gist_id},,https://github.com/exoji2e,2479779,MDQ6VXNlcjI0Nzk3Nzk=,https://api.github.com/users/exoji2e/orgs,https://api.github.com/users/exoji2e/received_events,https://api.github.com/users/exoji2e/repos,false,https://api.github.com/users/exoji2e/starred{/owner}{/repo},https://api.github.com/users/exoji2e/subscriptions,User,https://api.github.com/users/exoji2e,public
vedantmgoyal9,https://avatars.githubusercontent.com/u/83997633?v=4,3,https://api.github.com/users/vedantmgoyal9/events{/privacy},https://api.github.com/users/vedantmgoyal9/followers,https://api.github.com/users/vedantmgoyal9/following{/other_user},https://api.github.com/users/vedantmgoyal9/gists{/gist_id},,https://github.com/vedantmgoyal9,83997633,MDQ6VXNlcjgzOTk3NjMz,https://api.github.com/users/vedantmgoyal9/orgs,https://api.github.com/users/vedantmgoyal9/received_events,https://api.github.com/users/vedantmgoyal9/repos,false,https://api.github.com/users/vedantmgoyal9/starred{/owner}{/repo},https://api.github.com/users/vedantmgoyal9/subscriptions,User,https://api.github.com/users/vedantmgoyal9,public
iloveitaly,https://avatars.githubusercontent.com/u/150855?v=4,2,https://api.github.com/users/iloveitaly/events{/privacy},https://api.github.com/users/iloveitaly/followers,https://api.github.com/users/iloveitaly/following{/other_user},https://api.github.com/users/iloveitaly/gists{/gist_id},,https://github.com/iloveitaly,150855,MDQ6VXNlcjE1MDg1NQ==,https://api.github.com/users/iloveitaly/orgs,https://api.github.com/users/iloveitaly/received_events,https://api.github.com/users/iloveitaly/repos,false,https://api.github.com/users/iloveitaly/starred{/owner}{/repo},https://api.github.com/users/iloveitaly/subscriptions,User,https://api.github.com/users/iloveitaly,public
Alwinator,https://avatars.githubusercontent.com/u/39517491?v=4,1,https://api.github.com/users/Alwinator/events{/privacy},https://api.github.com/users/Alwinator/followers,https://api.github.com/users/Alwinator/following{/other_user},https://api.github.com/users/Alwinator/gists{/gist_id},,https://github.com/Alwinator,39517491,MDQ6VXNlcjM5NTE3NDkx,https://api.github.com/users/Alwinator/orgs,https://api.github.com/users/Alwinator/received_events,https://api.github.com/users/Alwinator/repos,false,https://api.github.com/users/Alwinator/starred{/owner}{/repo},https://api.github.com/users/Alwinator/subscriptions,User,https://api.github.com/users/Alwinator,public
BelKed,https://avatars.githubusercontent.com/u/66956532?v=4,1,https://api.github.com/users/BelKed/events{/privacy},https://api.github.com/users/BelKed/followers,https://api.github.com/users/BelKed/following{/other_user},https://api.github.com/users/BelKed/gists{/gist_id},,https://github.com/BelKed,66956532,MDQ6VXNlcjY2OTU2NTMy,https://api.github.com/users/BelKed/orgs,https://api.github.com/users/BelKed/received_events,https://api.github.com/users/BelKed/repos,false,https://api.github.com/users/BelKed/starred{/owner}{/repo},https://api.github.com/users/BelKed/subscriptions,User,https://api.github.com/users/BelKed,public
cclauss,https://avatars.githubusercontent.com/u/3709715?v=4,1,https://api.github.com/users/cclauss/events{/privacy},https://api.github.com/users/cclauss/followers,https://api.github.com/users/cclauss/following{/other_user},https://api.github.com/users/cclauss/gists{/gist_id},,https://github.com/cclauss,3709715,MDQ6VXNlcjM3MDk3MTU=,https://api.github.com/users/cclauss/orgs,https://api.github.com/users/cclauss/received_events,https://api.github.com/users/cclauss/repos,false,https://api.github.com/users/cclauss/starred{/owner}{/repo},https://api.github.com/users/cclauss/subscriptions,User,https://api.github.com/users/cclauss,public
gwynevans,https://avatars.githubusercontent.com/u/4751616?v=4,1,https://api.github.com/users/gwynevans/events{/privacy},https://api.github.com/users/gwynevans/followers,https://api.github.com/users/gwynevans/following{/other_user},https://api.github.com/users/gwynevans/gists{/gist_id},,https://github.com/gwynevans,4751616,MDQ6VXNlcjQ3NTE2MTY=,https://api.github.com/users/gwynevans/orgs,https://api.github.com/users/gwynevans/received_events,https://api.github.com/users/gwynevans/repos,false,https://api.github.com/users/gwynevans/starred{/owner}{/repo},https://api.github.com/users/gwynevans/subscriptions,User,https://api.github.com/users/gwynevans,public
ArchaeotheriumSapienter,https://avatars.githubusercontent.com/u/79253994?v=4,1,https://api.github.com/users/ArchaeotheriumSapienter/events{/privacy},https://api.github.com/users/ArchaeotheriumSapienter/followers,https://api.github.com/users/ArchaeotheriumSapienter/following{/other_user},https://api.github.com/users/ArchaeotheriumSapienter/gists{/gist_id},,https://github.com/ArchaeotheriumSapienter,79253994,MDQ6VXNlcjc5MjUzOTk0,https://api.github.com/users/ArchaeotheriumSapienter/orgs,https://api.github.com/users/ArchaeotheriumSapienter/received_events,https://api.github.com/users/ArchaeotheriumSapienter/repos,false,https://api.github.com/users/ArchaeotheriumSapienter/starred{/owner}{/repo},https://api.github.com/users/ArchaeotheriumSapienter/subscriptions,User,https://api.github.com/users/ArchaeotheriumSapienter,public
CrazyPython,https://avatars.githubusercontent.com/u/2363105?v=4,1,https://api.github.com/users/CrazyPython/events{/privacy},https://api.github.com/users/CrazyPython/followers,https://api.github.com/users/CrazyPython/following{/other_user},https://api.github.com/users/CrazyPython/gists{/gist_id},,https://github.com/CrazyPython,2363105,MDQ6VXNlcjIzNjMxMDU=,https://api.github.com/users/CrazyPython/orgs,https://api.github.com/users/CrazyPython/received_events,https://api.github.com/users/CrazyPython/repos,false,https://api.github.com/users/CrazyPython/starred{/owner}{/repo},https://api.github.com/users/CrazyPython/subscriptions,User,https://api.github.com/users/CrazyPython,public
michaeljelly,https://avatars.githubusercontent.com/u/53475252?v=4,1,https://api.github.com/users/michaeljelly/events{/privacy},https://api.github.com/users/michaeljelly/followers,https://api.github.com/users/michaeljelly/following{/other_user},https://api.github.com/users/michaeljelly/gists{/gist_id},,https://github.com/michaeljelly,53475252,MDQ6VXNlcjUzNDc1MjUy,https://api.github.com/users/michaeljelly/orgs,https://api.github.com/users/michaeljelly/received_events,https://api.github.com/users/michaeljelly/repos,false,https://api.github.com/users/michaeljelly/starred{/owner}{/repo},https://api.github.com/users/michaeljelly/subscriptions,User,https://api.github.com/users/michaeljelly,public
LunarWatcher,https://avatars.githubusercontent.com/u/29489988?v=4,1,https://api.github.com/users/LunarWatcher/events{/privacy},https://api.github.com/users/LunarWatcher/followers,https://api.github.com/users/LunarWatcher/following{/other_user},https://api.github.com/users/LunarWatcher/gists{/gist_id},,https://github.com/LunarWatcher,29489988,MDQ6VXNlcjI5NDg5OTg4,https://api.github.com/users/LunarWatcher/orgs,https://api.github.com/users/LunarWatcher/received_events,https://api.github.com/users/LunarWatcher/repos,false,https://api.github.com/users/LunarWatcher/starred{/owner}{/repo},https://api.github.com/users/LunarWatcher/subscriptions,User,https://api.github.com/users/LunarWatcher,public
rakleed,https://avatars.githubusercontent.com/u/19418601?v=4,1,https://api.github.com/users/rakleed/events{/privacy},https://api.github.com/users/rakleed/followers,https://api.github.com/users/rakleed/following{/other_user},https://api.github.com/users/rakleed/gists{/gist_id},,https://github.com/rakleed,19418601,MDQ6VXNlcjE5NDE4NjAx,https://api.github.com/users/rakleed/orgs,https://api.github.com/users/rakleed/received_events,https://api.github.com/users/rakleed/repos,false,https://api.github.com/users/rakleed/starred{/owner}{/repo},https://api.github.com/users/rakleed/subscriptions,User,https://api.github.com/users/rakleed,public
pktiuk,https://avatars.githubusercontent.com/u/45544416?v=4,1,https://api.github.com/users/pktiuk/events{/privacy},https://api.github.com/users/pktiuk/followers,https://api.github.com/users/pktiuk/following{/other_user},https://api.github.com/users/pktiuk/gists{/gist_id},,https://github.com/pktiuk,45544416,MDQ6VXNlcjQ1NTQ0NDE2,https://api.github.com/users/pktiuk/orgs,https://api.github.com/users/pktiuk/received_events,https://api.github.com/users/pktiuk/repos,false,https://api.github.com/users/pktiuk/starred{/owner}{/repo},https://api.github.com/users/pktiuk/subscriptions,User,https://api.github.com/users/pktiuk,public
Shubham0324,https://avatars.githubusercontent.com/u/53115519?v=4,1,https://api.github.com/users/Shubham0324/events{/privacy},https://api.github.com/users/Shubham0324/followers,https://api.github.com/users/Shubham0324/following{/other_user},https://api.github.com/users/Shubham0324/gists{/gist_id},,https://github.com/Shubham0324,53115519,MDQ6VXNlcjUzMTE1NTE5,https://api.github.com/users/Shubham0324/orgs,https://api.github.com/users/Shubham0324/received_events,https://api.github.com/users/Shubham0324/repos,false,https://api.github.com/users/Shubham0324/starred{/owner}{/repo},https://api.github.com/users/Shubham0324/subscriptions,User,https://api.github.com/users/Shubham0324,public
liutiming,https://avatars.githubusercontent.com/u/39947942?v=4,1,https://api.github.com/users/liutiming/events{/privacy},https://api.github.com/users/liutiming/followers,https://api.github.com/users/liutiming/following{/other_user},https://api.github.com/users/liutiming/gists{/gist_id},,https://github.com/liutiming,39947942,MDQ6VXNlcjM5OTQ3OTQy,https://api.github.com/users/liutiming/orgs,https://api.github.com/users/liutiming/received_events,https://api.github.com/users/liutiming/repos,false,https://api.github.com/users/liutiming/starred{/owner}{/repo},https://api.github.com/users/liutiming/subscriptions,User,https://api.github.com/users/liutiming,public
VictorWinberg,https://avatars.githubusercontent.com/u/9520959?v=4,1,https://api.github.com/users/VictorWinberg/events{/privacy},https://api.github.com/users/VictorWinberg/followers,https://api.github.com/users/VictorWinberg/following{/other_user},https://api.github.com/users/VictorWinberg/gists{/gist_id},,https://github.com/VictorWinberg,9520959,MDQ6VXNlcjk1MjA5NTk=,https://api.github.com/users/VictorWinberg/orgs,https://api.github.com/users/VictorWinberg/received_events,https://api.github.com/users/VictorWinberg/repos,false,https://api.github.com/users/VictorWinberg/starred{/owner}{/repo},https://api.github.com/users/VictorWinberg/subscriptions,User,https://api.github.com/users/VictorWinberg,public
feep,https://avatars.githubusercontent.com/u/2297143?v=4,1,https://api.github.com/users/feep/events{/privacy},https://api.github.com/users/feep/followers,https://api.github.com/users/feep/following{/other_user},https://api.github.com/users/feep/gists{/gist_id},,https://github.com/feep,2297143,MDQ6VXNlcjIyOTcxNDM=,https://api.github.com/users/feep/orgs,https://api.github.com/users/feep/received_events,https://api.github.com/users/feep/repos,false,https://api.github.com/users/feep/starred{/owner}{/repo},https://api.github.com/users/feep/subscriptions,User,https://api.github.com/users/feep,public
fossabot,https://avatars.githubusercontent.com/u/29791463?v=4,1,https://api.github.com/users/fossabot/events{/privacy},https://api.github.com/users/fossabot/followers,https://api.github.com/users/fossabot/following{/other_user},https://api.github.com/users/fossabot/gists{/gist_id},,https://github.com/fossabot,29791463,MDQ6VXNlcjI5NzkxNDYz,https://api.github.com/users/fossabot/orgs,https://api.github.com/users/fossabot/received_events,https://api.github.com/users/fossabot/repos,false,https://api.github.com/users/fossabot/starred{/owner}{/repo},https://api.github.com/users/fossabot/subscriptions,User,https://api.github.com/users/fossabot,public
lgtm-com[bot],https://avatars.githubusercontent.com/in/17324?v=4,1,https://api.github.com/users/lgtm-com%5Bbot%5D/events{/privacy},https://api.github.com/users/lgtm-com%5Bbot%5D/followers,https://api.github.com/users/lgtm-com%5Bbot%5D/following{/other_user},https://api.github.com/users/lgtm-com%5Bbot%5D/gists{/gist_id},,https://github.com/apps/lgtm-com,43144390,MDM6Qm90NDMxNDQzOTA=,https://api.github.com/users/lgtm-com%5Bbot%5D/orgs,https://api.github.com/users/lgtm-com%5Bbot%5D/received_events,https://api.github.com/users/lgtm-com%5Bbot%5D/repos,false,https://api.github.com/users/lgtm-com%5Bbot%5D/starred{/owner}{/repo},https://api.github.com/users/lgtm-com%5Bbot%5D/subscriptions,Bot,https://api.github.com/users/lgtm-com%5Bbot%5D,public
omahs,https://avatars.githubusercontent.com/u/73983677?v=4,1,https://api.github.com/users/omahs/events{/privacy},https://api.github.com/users/omahs/followers,https://api.github.com/users/omahs/following{/other_user},https://api.github.com/users/omahs/gists{/gist_id},,https://github.com/omahs,73983677,MDQ6VXNlcjczOTgzNjc3,https://api.github.com/users/omahs/orgs,https://api.github.com/users/omahs/received_events,https://api.github.com/users/omahs/repos,false,https://api.github.com/users/omahs/starred{/owner}{/repo},https://api.github.com/users/omahs/subscriptions,User,https://api.github.com/users/omahs,public
sunrosa,https://avatars.githubusercontent.com/u/79175772?v=4,1,https://api.github.com/users/sunrosa/events{/privacy},https://api.github.com/users/sunrosa/followers,https://api.github.com/users/sunrosa/following{/other_user},https://api.github.com/users/sunrosa/gists{/gist_id},,https://github.com/sunrosa,79175772,MDQ6VXNlcjc5MTc1Nzcy,https://api.github.com/users/sunrosa/orgs,https://api.github.com/users/sunrosa/received_events,https://api.github.com/users/sunrosa/repos,false,https://api.github.com/users/sunrosa/starred{/owner}{/repo},https://api.github.com/users/sunrosa/subscriptions,User,https://api.github.com/users/sunrosa,public